Rk,Player,Age,Team,Pos,GP,G,A,PTS,+/-,PIM,-9999
1,Nikita Kucherov,31,TBL,RW,78,37,84,121,22,45,kucheni01
2,Nathan MacKinnon,29,COL,C,79,32,84,116,25,41,mackina01
3,Leon Draisaitl,29,EDM,C,71,52,54,106,32,34,draisle01
4,David Pastrňák,28,BOS,RW,82,43,63,106,0,42,pastrda01
5,Mitch Marner,27,TOR,RW,81,27,75,102,18,14,marnemi01
6,Connor McDavid,28,EDM,C,67,26,74,100,20,37,mcdavco01
7,Kyle Connor,28,WPG,LW,82,41,56,97,17,25,connoky01
8,Jack Eichel,28,VEG,C,77,28,66,94,32,8,eicheja01
9,Cale Makar,26,COL,D,80,30,62,92,28,14,makarca01
10,Sidney Crosby,37,PIT,C,80,33,58,91,-20,31,crosbsi01
